{"cameraMode":{"drawMode":0,"name":"Shaded","section":"Shading Mode"},"sceneLighting":true,"audioPlay":false,"sceneViewState":{"showFog":true,"showMaterialUpdate":false,"showSkybox":true,"showFlares":true,"showImageEffects":true,"showParticleSystems":true},"in2DMode":false,"pivot":{"x":-7.417915344238281,"y":3.500246047973633,"z":-1.0},"rotation":{"x":-0.13619032502174378,"y":0.054063521325588229,"z":-0.0074252476915717129,"w":-0.9892401695251465},"size":6.380686283111572,"orthographic":false}