{"cameraMode":{"drawMode":0,"name":"Shaded","section":"Shading Mode"},"sceneLighting":true,"audioPlay":false,"sceneViewState":{"showFog":true,"showMaterialUpdate":false,"showSkybox":true,"showFlares":true,"showImageEffects":true,"showParticleSystems":true},"in2DMode":false,"pivot":{"x":512.777587890625,"y":111.22309875488281,"z":62.686279296875},"rotation":{"x":-0.004809647332876921,"y":-0.0009025037288665772,"z":0.000004903931767330505,"w":-0.9999911189079285},"size":556.3740844726563,"orthographic":false}