{"cameraMode":{"drawMode":0,"name":"Shaded","section":"Shading Mode"},"sceneLighting":true,"audioPlay":false,"sceneViewState":{"showFog":true,"showMaterialUpdate":false,"showSkybox":true,"showFlares":true,"showImageEffects":true,"showParticleSystems":true},"in2DMode":false,"pivot":{"x":-2.106786012649536,"y":2.101534843444824,"z":-0.1214841678738594},"rotation":{"x":-0.006307142321020365,"y":-0.027898306027054788,"z":0.00017607782501727343,"w":-0.9995914101600647},"size":8.606138229370118,"orthographic":false}